num_dims,f1_score
32,0.892890489529145
32,0.8993769057404215
32,0.8945755031320805
32,0.9036465264838969
64,0.921274354923644
64,0.9200420831141505
64,0.9155449986803905
64,0.9213749506124062
128,0.9350717079530638
128,0.9354417145844225
128,0.9322542748988383
128,0.9312997001694694
256,0.9422926956069665
256,0.9361591470549994
256,0.9381014304291287
256,0.9385474860335195
768,0.9429756350440643
