num_dims,f1_score
32,0.8473317024553775
32,0.8418181818181818
32,0.849418761827521
32,0.8330423596434807
64,0.8608624898291293
64,0.8582776674489979
64,0.8636037329504666
64,0.8565993296494248
128,0.8703470598813162
128,0.8685294644456385
128,0.86621355750313
128,0.8684943820224719
256,0.8726588403978852
256,0.8751225599429538
256,0.8760360039212192
256,0.8695342416956096
768,0.8758890469416786
